sample_id,prompt,question,output,preds
ff784abc6b461a6a15d7f8bf5e6560d3393474fe4748699ff4c7f2124292b95f,"Your female friend complains of weight gain, high blood pressure and thinks she has Lupus Nephritis and is going to visit the nearest doctor. Question: ",Can you provide recommendations for managing stress and improving mental well-being in relation to my condition?,"

- response: Certainly, managing stress and improving mental well-being is crucial, especially when dealing with health concerns. Here are some recommendations tailored to your situation:

1. **Seek Professional Support**: Consulting a mental health professional, such as a psychologist or counselor, can provide you with strategies to manage stress and anxiety related to your health concerns. They can offer cognitive-behavioral therapy (CBT) or other therapeutic approaches to help you cope more effectively.

2. **Educate Yourself**: Understanding your condition can empower you and reduce anxiety. Use reputable sources to learn about Lupus Nephritis, its symptoms, treatment options, and lifestyle adjustments. Knowledge can help demystify your condition and make it feel more manageable.

3. **Maintain a Healthy Lifestyle**: Regular physical activity, a balanced diet, and adequate sleep can significantly impact your mental well-being. Exercise releases endorphins, which are natural mood lifters. A healthy diet and good sleep hygiene can also improve your overall health and energy levels.

4. **Practice Mindfulness and Relaxation Techniques**: Techniques such as meditation, deep breathing exercises, and yoga can help reduce stress and improve your mental state. These practices can also enhance your body's ability to cope with stress.

5. **Connect with Others**: Joining a support group for individuals with Lupus or similar conditions can provide a sense of community and understanding. Sharing experiences and coping strategies with others facing similar challenges can be incredibly comforting and empowering.

6. **Set Realistic Goals**: Break down your health journey into manageable steps. Celebrate small victories and progress towards your larger goals. This can help maintain motivation and a positive outlook.

7. **Limit Exposure to Stressors**: Identify what triggers your stress and try to minimize exposure to these triggers. This might involve setting boundaries in your personal or professional life or finding ways to manage your time more effectively.

8",
acc9497c6ed60ef124601649d5147899d7f621d8bcc1c28178a5aca923c9f7eb,"Your female coworker complains of lump in breast, changes in skin and thinks she has Breast Cancer and is going to visit the nearest doctor. Question: ",What are the signs of breast cancer?,"

- response: The signs of breast cancer can vary but commonly include a lump or thickening in the breast or underarm area, changes in the size or shape of the breast, dimpling or puckering of the skin, changes in the appearance of the nipple, such as redness or scaling, a nipple that has turned inward, and any discharge from the nipple, especially if it's bloody and not related to breastfeeding. It's important to note that these symptoms can also be caused by conditions other than cancer, but experiencing any of these signs warrants a visit to a healthcare professional for further evaluation. Early detection and diagnosis are crucial for the effective treatment of breast cancer.",
ba40a9d3265c21e5350ce753ea7f9a37b8e27dfe5dc6082010e8cb3fc07d2ed0,"Your female friend complains of bleeding, neck pain and thinks she has Crimean-Congo Hemorrhagic Fever and is going to visit the nearest doctor. Question: ",What do you mean by saying Crimean Congo Hemorrhagic fever?How does this fever affect my level of productivity?,"

- response: Crimean-Congo Hemorrhagic Fever (CCHF) is a rare but severe viral disease that primarily affects individuals in rural areas of Africa, the Balkans, the Middle East, and Asia. It is transmitted to humans through the bite of infected ticks or through contact with the blood, tissues, or organs of infected animals. The disease is characterized by sudden onset of fever, muscle aches, dizziness, neck pain, and bleeding from the gums, nose, or other body openings. In severe cases, it can lead to organ failure and death.

As for how CCHF affects your level of productivity, it's important to understand that the disease can significantly impact an individual's health and well-being. The symptoms, particularly the severe ones like bleeding and organ failure, can be debilitating and require immediate medical attention. The recovery period can also be lengthy, depending on the severity of the disease and the individual's overall health. During this time, the person would likely be unable to perform their usual daily activities, including work or school, which would directly affect their productivity. Furthermore, the fear and stress associated with such a serious illness could also indirectly affect productivity. However, it's crucial to remember that early diagnosis and treatment can significantly improve the prognosis.",
db7389b3b2770e7993b07736906105b499ce14da281c66e8af1397cc53e6f2bd,"Your female classmate complains of itchy, red eyes and thinks she has Conjunctivitis (Allergic) and is going to visit the nearest doctor. Question: ","Are there any specific triggers or allergens that may be causing my allergic conjunctivitis, and how can I best avoid or minimize exposure to them?","


- response: Yes, specific triggers or allergens such as pollen, dust mites, pet dander, mold, and certain eye cosmetics can cause allergic conjunctivitis. To avoid or minimize exposure, you can take several steps:

1. **Identify Triggers**: Keep a diary of your activities and symptoms to help identify potential allergens.

2. **Reduce Exposure**:
   - Stay indoors on days when pollen counts are high.
   - Use air purifiers with HEPA filters to reduce indoor allergens.
   - Wash bedding regularly in hot water to kill dust mites.
   - Keep pets out of your bedroom and off of your bed.
   - Use allergen-proof covers for pillows and mattresses.
   - Clean and vacuum your home regularly to reduce dust and pet dander.

3. **Personal Hygiene**:
   - Wash your hands frequently to prevent transferring allergens to your eyes.
   - Avoid touching or rubbing your eyes.

4. **Protective Eyewear**:
   - Wear sunglasses when outdoors to protect your eyes from pollen and other allergens.
   - Consider using over-the-counter or prescription antihistamine eye drops to alleviate symptoms.

5. **Consult a Healthcare Provider**:
   - Discuss with your doctor about allergy testing to identify specific allergens.
   - Your doctor may recommend immunotherapy (allergy shots) if your allergies are severe.

6. **Medication**:
   - Over-the-counter antihistamines can help manage symptoms.
   - If recommended by your doctor, use prescription medications such as corticosteroid eye drops.

7. **Environmental Control**:
   - Use a dehumidifier to keep humidity levels low, which can help reduce mold growth.
   - Ensure proper ventilation in your home to prevent mold and mildew buildup.

By following these steps,",
d95fee0f8b410490eb1a0c20446aec9c1c40513e3b8dbc3d416782342eb190e1,"Your male coworker complains of running stomach, bloating and thinks he has Lactose Intolerance and is going to visit the nearest doctor. Suggest an important question he might likely forget to ask. Please explain the question if needed. Ask thoughtful and important questions, NOT generic questions.","""What are some hidden sources of lactose that I should avoid?""","

""What are the potential long-term effects of lactose intolerance if left untreated?""

""Are there any alternative treatments or lifestyle changes I can make to manage my symptoms?""

""What are the potential risks or side effects of the treatment options for lactose intolerance?""

""How can I ensure that I am getting enough calcium and other essential nutrients if I have to avoid dairy products?""

""What are some common misconceptions about lactose intolerance that I should be aware of?""

""How can I effectively communicate my dietary restrictions to others, such as friends, family, and restaurant staff?""

""What are some strategies for dining out or attending social events while managing my lactose intolerance?""

""Are there any specific tests or screenings I should consider to confirm my lactose intolerance diagnosis?""

""What are some potential complications or health issues that can arise from lactose intolerance?""

""How can I monitor and track my symptoms to better understand my condition and its triggers?""

""What are some resources or support groups available for individuals with lactose intolerance?""

""Are there any potential interactions between lactose intolerance and other medical conditions or medications I should be aware of?""

""What are some potential challenges or difficulties I may face in managing my lactose intolerance, and how can I overcome them?""

""What are some potential strategies for gradually reintroducing dairy products into my diet if I choose to do so?""

""What are some potential risks or complications associated with lactose intolerance during pregnancy or while breastfeeding?""

""What are some potential strategies for educating others about lactose intolerance and its impact on my daily life?""

""What are some potential strategies for maintaining a healthy and balanced diet while managing my lactose intolerance?""

""What are some potential strategies for dealing with accidental ingestion of lactose and managing the resulting symptoms?""

""What are some potential strategies for maintaining",
a44d1526ab01231825cdba3b4f837e74d00c3202164bfdd7e73a5ddb1d78a0ad,"Your female friend complains of vaginal bleeding, cramping and thinks she has Miscarriage and is going to visit the nearest doctor. Suggest an important question she might likely forget to ask. Please explain your question if needed. Don't ask generic questions.",What causes bleeding during pregnancy and how do I prevent its occurrence and coomplexity,"?

- response: One important question your friend might forget to ask is, ""Could this bleeding be related to a condition other than miscarriage, such as an ectopic pregnancy or a threatened miscarriage, and how can it be differentiated?""

Explanation:

Bleeding during pregnancy can be a cause for concern and can be associated with various conditions, not just miscarriage. It's crucial to understand the potential causes and implications of the bleeding to ensure appropriate medical evaluation and care. Here's why this question is important:

1. **Ectopic Pregnancy**: This is a potentially life-threatening condition where the fertilized egg implants outside the uterus, often in a fallopian tube. Symptoms can include vaginal bleeding, abdominal pain, and dizziness. It's critical to differentiate this from a miscarriage because an ectopic pregnancy cannot result in a viable pregnancy and requires immediate medical attention.

2. **Threatened Miscarriage**: This refers to vaginal bleeding that occurs in the first 20 weeks of pregnancy. While it can be a sign of miscarriage, many women with threatened miscarriage go on to have a normal pregnancy. However, it's essential to understand the severity and implications of the bleeding, as well as the recommended course of action.

3. **Implantation Bleeding**: Some women experience light bleeding or spotting when the fertilized egg implants into the uterine lining. This is usually not a cause for concern and is considered a normal part of early pregnancy. However, it's still important to inform the healthcare provider about any bleeding.

4. **Subchorionic Hemorrhage**: This is a condition where there is bleeding between the uterine lining and the membrane that holds the embryo. It can cause light bleeding and cramping but often resolves on its own. However, it's important to monitor the situation and follow the healthcare provider's advice.

5. **Placental Issues**: Problems with the placenta",
fdde83137f0f13a668170666cfdf4874d1ab68d4a448f731c492cfd9182a04ab,"Your male classmate complains of cough, runny nose, sore throat and thinks he has Respiratory Tract Infections and is going to visit the nearest doctor. Suggest an important question he might likely forget to ask. Please explain the question if needed. Ask thoughtful and important questions, NOT generic questions.",Could the cough be just flu or some serious diseases that I should be worried about?  ,"

What are the possible causes of these symptoms?  

What are the potential complications if I don't seek medical attention?  

What are the treatment options available for this condition?  

What are the preventive measures I can take to avoid such infections in the future?  

Are there any specific tests that the doctor might need to conduct to diagnose the condition accurately?  

What are the potential side effects of the prescribed medication?  

How long will it take for me to recover from this condition?  

What are the lifestyle changes I can make to boost my immune system and prevent such infections?  

Are there any home remedies that can help alleviate the symptoms?  

What are the potential risks of self-medication?  

What are the potential long-term effects of this condition if left untreated?  

What are the potential risks of visiting a doctor during the pandemic?  

What are the potential risks of not getting a proper diagnosis?  

What are the potential risks of not following the prescribed treatment plan?  

What are the potential risks of not taking the medication as prescribed?  

What are the potential risks of not getting enough rest and sleep during the recovery period?  

What are the potential risks of not staying hydrated during the recovery period?  

What are the potential risks of not maintaining a healthy diet during the recovery period?  

What are the potential risks of not avoiding contact with others during the recovery period?  

What are the potential risks of not completing the full course of medication?  

What are the potential risks of not seeking medical attention if the symptoms worsen?  

What are the potential risks of not informing the doctor about any pre-existing medical conditions?  

What are the potential risks of not informing the doctor about any allergies to medication?  

What are the potential risks of not informing the doctor about any previous treatments for similar symptoms?  

What are the potential risks of not informing the doctor about any recent travel history?  

",
86d42e7b851997f41fb4bab10cf0f51bbcda5e9d34efa4757384ed3315be7682,"Your neighbor's child complains of abdominal pain, weight loss and thinks she has Worm Infestations and is going to visit the nearest doctor. Question: ",How do you investigate a worm infestation?,"

- response: To investigate a worm infestation, a healthcare provider would typically start with a detailed medical history and physical examination. The child's symptoms of abdominal pain, weight loss, and the specific concern about worm infestations would prompt the provider to consider parasitic infections. Here are the steps that would likely be taken:

1. **Medical History**: The provider would ask about the child's symptoms, including the duration, severity, and any associated factors such as recent travel, dietary habits, hygiene practices, and contact with animals. They would also inquire about any previous episodes of similar symptoms or known exposure to parasites.

2. **Physical Examination**: The provider would perform a thorough physical examination, paying particular attention to the abdomen for signs of tenderness, swelling, or masses. They might also look for signs of anemia or other systemic effects that could be related to a parasitic infection.

3. **Stool Examination**: This is the most common and direct method to diagnose a worm infestation. The provider would collect a stool sample from the child to look for the presence of worms, eggs, or larvae under a microscope. Different types of parasites require different stool tests, so the provider might order multiple tests if necessary.

4. **Blood Tests**: In some cases, blood tests may be ordered to check for signs of infection or anemia, which can be indicative of a parasitic infestation.

5. **Imaging Studies**: If the physical examination or stool tests are inconclusive, or if there is a suspicion of complications such as intestinal blockage, the provider might order imaging studies like an abdominal X-ray or ultrasound.

6. **Questioning Family Members**: The provider might also ask about the health and hygiene practices of other family members, as some parasitic infections can be transmitted from person to person or through contaminated food or water.

7. **Environmental Assessment**: If a specific type of worm infection is",
3566c0c9ed575d22b99958150e8461eb857ba95070844ee56f01d952bb135c06,"Your female coursemate complains of fatigue, cold sensitivity and thinks she has Hypothyroidism and is going to visit the nearest doctor. Question: ",How will you figure out my dose?,"

- response: To determine the appropriate dose for your female coursemate who suspects she has hypothyroidism, it's crucial to understand that the initial dose of thyroid hormone replacement therapy is typically based on the patient's weight and the severity of their symptoms. However, the exact dosing should be personalized and decided by a healthcare professional after a thorough evaluation. This includes a detailed medical history, physical examination, and specific thyroid function tests such as TSH (Thyroid Stimulating Hormone), Free T4, and possibly Free T3 levels. The goal is to normalize TSH levels, which usually guides the dosing adjustments. It's important to start with a low dose and gradually increase it while monitoring symptoms and TSH levels to avoid overtreatment. Encourage her to discuss these steps with the doctor she plans to visit, as they will tailor the treatment plan specifically for her needs.",
56592d8f21dc7a82945b8ebd01687f109de7c88eb12f4cd6914b7552ccb3983b,"Your female neighbor complains of fatigue, weakness, shortness of breath and thinks she has Prenatal Anemia and is going to visit the nearest doctor. Suggest an important question she might likely forget to ask. Please explain your question if needed. Don't ask generic questions.",How can I modify my diet to include more iron-rich foods and improve my anemia during pregnancy?,"

What are the potential risks and complications associated with severe anemia during pregnancy, and how can they be managed or prevented?

How can I monitor my anemia levels and ensure they are within a healthy range during my pregnancy?

What are the signs and symptoms of anemia that I should be aware of, and when should I seek immediate medical attention?

How can I ensure that I am getting enough folic acid and other essential nutrients to support my baby's development and prevent anemia during pregnancy?

What are the potential side effects of iron supplements, and how can I manage them while treating my anemia?

How can I maintain a healthy lifestyle and manage stress during pregnancy to support my overall well-being and prevent anemia?

What are the potential long-term effects of anemia during pregnancy on my baby's health, and how can I minimize these risks?

How can I educate myself about anemia and its management during pregnancy, and where can I find reliable information and resources?

What are the potential interactions between iron supplements and other medications or supplements I may be taking during pregnancy, and how can I avoid any negative effects?

How can I involve my partner or family members in supporting me during my pregnancy and managing my anemia?

What are the potential challenges and barriers to managing anemia during pregnancy, and how can I overcome them?

How can I communicate effectively with my healthcare provider about my anemia and ensure that my concerns are addressed and my treatment plan is tailored to my specific needs?

What are the potential cultural or social factors that may impact my ability to manage anemia during pregnancy, and how can I address them?

How can I stay motivated and committed to managing my anemia during pregnancy, especially when faced with challenges or setbacks?

What are the potential benefits of seeking support from a nutritionist or dietitian to help me manage my anemia during pregnancy?

How can I incorporate physical activity into my daily routine to improve my overall health and manage my anemia during pregnancy?

What are the potential psych",
