sample_id,question,rationale,options_len,answer,A,B,C,D,E,model_prompt,outputs,preds,correct,ROUGE-1,ROUGE-2,ROUGE-L,BERTScore_Precision,BERTScore_Recall,BERTScore_F1
4dcef5829a86c0ddf499c426963554b65274f5b729415cbb7d8c586b4b83f846,Which of the following statements accurately reflects the management approach for a 62-year-old obese woman with hypertension and type 2 diabetes mellitus who experiences vaginal bleeding for the first time since her menopause 11 years ago?,"In a postmenopausal woman, particularly one with diabetes, obesity, and hypertension, there is a heightened risk of endometrial cancer that warrants investigation and exclusion.",4,C,She probably has fibroids,The woman's symptoms are most likely due to the presence of an arteriovenous malformation in the uterine wall.,"She should undergo evaluation with a pelvic examination and transvaginal ultrasound, and referral for endometrial sampling is necessary.",She has engaged in energetic sexual intercourse,,"###Instruction: The following are multiple choice questions (MCQs).
You should directly answer the question by choosing the correct option and then provide a rationale for your answer. 

###Question: Which of the following statements accurately reflects the management approach for a 62-year-old obese woman with hypertension and type 2 diabetes mellitus who experiences vaginal bleeding for the first time since her menopause 11 years ago?
###Options:
A.  She probably has fibroids
B.  The woman's symptoms are most likely due to the presence of an arteriovenous malformation in the uterine wall.
C.  She should undergo evaluation with a pelvic examination and transvaginal ultrasound, and referral for endometrial sampling is necessary.
D.  She has engaged in energetic sexual intercourse

###Answer:","**Correct Answer: C. She should undergo evaluation with a pelvic examination and transvaginal ultrasound, and referral for endometrial sampling is necessary.**

###Rationale:
The woman in question is postmenopausal, with the cessation of her menstrual periods occurring 11 years ago. Any occurrence of vaginal bleeding after menopause is considered abnormal and warrants a thorough evaluation to rule out serious conditions, including endometrial cancer, which has an increased risk in women with obesity and type 2 diabetes. The management of such a case typically involves:

1. Pelvic examination - to assess the health and status of the reproductive organs.
2. Transvaginal ultrasound - to help visualize the structures within the pelvis more clearly, particularly the endometrium (the lining of the uterus). It can reveal thickening of the endometrium which may suggest hyperplasia or malignancy.
3. Endometrial sampling - critical in diagnosing the cause of the bleeding, especially to rule out or confirm endometrial hyperplasia or cancer. 

Option A (fibroids) and option B (arteriovenous malformation) are less likely without support from imaging studies showing these conditions. Option D (physical trauma from energetic sexual intercourse) is an improbable primary consideration given the patient's age, medical history, and the fact that the bleeding occurred independently of sexual activity, as inferred from the information provided.",C,True,0.12790697451325042,0.0,0.09302325358301791,0.81515455,0.8932816,0.85243165
55ff48261c6b29f906f29c69ce8167a28f76390864d5670b92e3a472b367ad1f,Which of the following is the most common cause of acute respiratory distress syndrome (ARDS) in malaria-endemic regions of Africa?,"In malaria-endemic regions of Africa, severe malaria, especially caused by Plasmodium falciparum, is a leading cause of acute respiratory distress syndrome (ARDS) due to its ability to induce widespread endothelial damage and capillary leak syndrome.",5,D,Pneumonia,Tuberculosis,Pulmonary embolism,Malaria,Sickle cell disease,"###Instruction: The following are multiple choice questions (MCQs).
You should directly answer the question by choosing the correct option and then provide a rationale for your answer. 

###Question: Which of the following is the most common cause of acute respiratory distress syndrome (ARDS) in malaria-endemic regions of Africa?
###Options:
A.  Pneumonia
B.  Tuberculosis
C.  Pulmonary embolism
D.  Malaria
E.  Sickle cell disease

###Answer:","###Answer: D. Malaria

###Rationale:
In malaria-endemic regions of Africa, malaria is a significant cause of acute respiratory distress syndrome (ARDS), particularly due to Plasmodium falciparum, the most virulent and prevalent species in these regions. Malaria can induce ARDS through several mechanisms, including immune-mediated inflammation, microvascular impairments, and increased vascular permeability, which collectively can result in pulmonary edema, a hallmark of ARDS. Other options, such as pneumonia and tuberculosis, are also prevalent and can cause ARDS, but within the context of malaria-endemic regions, the incidence of malaria-associated ARDS is notably higher, especially during malaria outbreaks. Pulmonary embolism and sickle cell disease also contribute to respiratory complications but are less common causes of ARDS in comparison to malaria in these settings.",D,True,0.32758620290130797,0.1599999964942223,0.2758620649702735,0.85271215,0.91876775,0.88450843
da4c5d13cf0246b7b9594a2752c1d783492f52234748f8d27be5a79afdc3152a,"51-year-old man with a 10-year history of gastroesophageal reflux and suspected Barrett esophagus comes to the office because his omeprazole dose ""doesn't work around the Christmas holidays."" He states that he prides himself on having a large appetite and ""holding his liquor"" during the holidays. He currently takes the maximum dose of omeprazole. Which of the following is the most appropriate initial action by the physician?","Given the patient's symptoms worsening specifically during the holidays despite taking the maximum dose of omeprazole, it is important to assess potential contributing factors such as excessive eating and drinking, which can exacerbate gastroesophageal reflux. Understanding the patient's behavior during the holidays can guide further management decisions. Therefore, option (A) is the most appropriate initial action.",5,A,Ask the patient how much he is eating and drinking during the holidays,Explain the hazards of untreated reflux in the presence of Barrett esophagus,Order an upper endoscopy,Switch the omeprazole to pantoprazole,Refer the patient to a gastroenterologist,"###Instruction: The following are multiple choice questions (MCQs).
You should directly answer the question by choosing the correct option and then provide a rationale for your answer. 

###Question: 51-year-old man with a 10-year history of gastroesophageal reflux and suspected Barrett esophagus comes to the office because his omeprazole dose ""doesn't work around the Christmas holidays."" He states that he prides himself on having a large appetite and ""holding his liquor"" during the holidays. He currently takes the maximum dose of omeprazole. Which of the following is the most appropriate initial action by the physician?
###Options:
A.  Ask the patient how much he is eating and drinking during the holidays
B.  Explain the hazards of untreated reflux in the presence of Barrett esophagus
C.  Order an upper endoscopy
D.  Switch the omeprazole to pantoprazole
E.  Refer the patient to a gastroenterologist

###Answer:","A. Ask the patient how much he is eating and drinking during the holidays

###Rationale:
The decision to first ask the patient about his holiday eating and drinking habits (Option A) is the most appropriate initial step because lifestyle factors significantly impact the symptoms and management of gastroesophageal reflux disease (GERD), especially in a patient with Barrett's esophagus. Holiday periods often involve increased consumption of food and alcohol, which can exacerbate GERD symptoms by increasing gastric acidity and relaxing the lower esophageal sphincter. This approach allows the physician to assess whether lifestyle adjustments could help manage the patientâ€™s symptoms more effectively during these periods. It is a non-invasive, practical first step prior to considering more invasive procedures or referrals. After assessing the patient's habits, the physician could then provide tailored advice on dietary changes, alcohol intake, and possibly adjusting medication usage during these high-risk periods.",A,True,0.2727272685376961,0.12565444629916955,0.24675324256367018,0.8606553,0.8872428,0.8737469
